{
  "bert": {
    "test_acc": 0.92016,
    "test_f1": 0.919736207173878
  },
  "lstm": {
    "test_acc": 0.51432,
    "test_f1": 0.23336279833312287
  }
}