{
  "bert": {
    "test_acc": 0.91512,
    "test_f1": 0.9176050322280034
  },
  "lstm": {
    "test_acc": 0.8046,
    "test_f1": 0.7931924982007535
  }
}